{"cameraMode":{"drawMode":0,"name":"Shaded","section":"Shading Mode"},"sceneLighting":true,"audioPlay":false,"sceneViewState":{"showFog":true,"showMaterialUpdate":false,"showSkybox":true,"showFlares":true,"showImageEffects":true,"showParticleSystems":true},"in2DMode":false,"pivot":{"x":-5.884800910949707,"y":42.432273864746097,"z":-39.77803421020508},"rotation":{"x":0.17698901891708375,"y":-0.14819543063640595,"z":0.026964090764522554,"w":0.972626805305481},"size":8.517481803894043,"orthographic":false}